250, 0.004215329815086877
250.25, 0.0060469155875437774
250.5, 0.007276638010593528
250.75, 0.007941416750209873
251, 0.008338579535182467
251.25, 0.008775770135316607
251.5, 0.008915510087933232
251.75, 0.008184007159629969
252, 0.006873357560751137
252.25, 0.005804178972798724
252.5, 0.0051231195172902755
252.75, 0.004390518904260343
253, 0.003559147088537884
253.25, 0.003062250672501987
253.5, 0.0030503570207078834
253.75, 0.00318328099974452
254, 0.0032083059311069917
254.25, 0.0031543762204884196
254.5, 0.0030996118631028136
254.75, 0.0031596284010442233
255, 0.003455778027066092
255.25, 0.004104520878997819
255.5, 0.005142824482921471
255.75, 0.006152082612707943
256, 0.006607728278214653
256.25, 0.006472030441664778
256.5, 0.00599014808068743
256.75, 0.005916579594929194
257, 0.007268200084394216
257.25, 0.009542524834903698
257.5, 0.010898888192902856
257.75, 0.010824219813917457
258, 0.010466835934232366
258.25, 0.010477943071304008
258.5, 0.01053405035876609
258.75, 0.010452984450485703
259, 0.010566593594960372
259.25, 0.011078253370917945
259.5, 0.011584563558655114
259.75, 0.011698723043530146
260, 0.011602967034878064
260.25, 0.011580074891025749
260.5, 0.011598478510201016
260.75, 0.011538315159985713
261, 0.011531333039752178
261.25, 0.01181700375049699
261.5, 0.012361882036129757
261.75, 0.012947420526295161
262, 0.013452457775585014
262.25, 0.01385425028621734
262.5, 0.014279356205689542
262.75, 0.015032344528883357
263, 0.016112167933416188
263.25, 0.016984770500622526
263.5, 0.01741608541878148
263.75, 0.017978963740818088
264, 0.019186501681179413
264.25, 0.021003526898587754
264.5, 0.02319079119958034
264.75, 0.025084737868008578
265, 0.0261144295361726
265.25, 0.027026798061790647
265.5, 0.028887256825354424
265.75, 0.031047691931834764
266, 0.03205726097237527
266.25, 0.03186154027273336
266.5, 0.031382034918610024
266.75, 0.030933020765658847
267, 0.0302307727614457
267.25, 0.02921741197461869
267.5, 0.028155974049533183
267.75, 0.02717858639332915
268, 0.026153026860660677
268.25, 0.02505756410501747
268.5, 0.0241956670410457
268.75, 0.023731939634060062
269, 0.02321911224315376
269.25, 0.022253483006996477
269.5, 0.021210160124542687
269.75, 0.02058115396541993
270, 0.02016293937040814
270.25, 0.019547621862425757
270.5, 0.01901410931929326
270.75, 0.019159742921338374
271, 0.019781980032461455
271.25, 0.020114344154572583
271.5, 0.020039599355187843
271.75, 0.020090680091410684
272, 0.02054726989342348
272.25, 0.021315039680245285
272.5, 0.022285067433730488
272.75, 0.02336863416373114
273, 0.024448329797684076
273.25, 0.02533115590561774
273.5, 0.02589807015770207
273.75, 0.02632059251778962
274, 0.02679150820517573
274.25, 0.02731035314318242
274.5, 0.027824508711434603
274.75, 0.028317708812386266
275, 0.028792631043088157
275.25, 0.029290281714468458
275.5, 0.029861749328929266
275.75, 0.03038902833616053
276, 0.030635453473263574
276.25, 0.030606264641195313
276.5, 0.030553362121857885
276.75, 0.030573946744480773
277, 0.03053901775730572
277.25, 0.030455753886079684
277.5, 0.03061387893499634
277.75, 0.031133926628297726
278, 0.031629227406289484
278.25, 0.03175968619192271
278.5, 0.03162877533698061
278.75, 0.03145519539659469
279, 0.03154425087774393
279.25, 0.03211961100027594
279.5, 0.03264740599192173
279.75, 0.03238412600558971
280, 0.03173902902898518
280.25, 0.031703835414918835
280.5, 0.03190181507942702
280.75, 0.030930484758505683
281, 0.028753607390193503
281.25, 0.02678238323979154
281.5, 0.02544552783370002
281.75, 0.023689343132842877
282, 0.02109573645013474
282.25, 0.018678148288189922
282.5, 0.017111970354546147
282.75, 0.01576130820196986
283, 0.014092192452638708
283.25, 0.012718519194657496
283.5, 0.012320293023323492
283.75, 0.012575169545429032
284, 0.012927568693943625
284.25, 0.013450946608062564
284.5, 0.01447145438391706
284.75, 0.016053472206505992
285, 0.018107509714610615
285.25, 0.020608774051212198
285.5, 0.023585592076807993
285.75, 0.0270409147158146
286, 0.030944215114668383
286.25, 0.0350465319993023
286.5, 0.03878463035372137
286.75, 0.04187132515446268
287, 0.04461440717888476
287.25, 0.047240975156749965
287.5, 0.049569535567652645
287.75, 0.05138554742776913
288, 0.05260909155350468
288.25, 0.053252948452209514
288.5, 0.05365291017674956
288.75, 0.05418282014837583
289, 0.054699181077905834
289.25, 0.05486427119650994
289.5, 0.054798186256213466
289.75, 0.0548751038441293
290, 0.054955912304997856
290.25, 0.05448804175608557
290.5, 0.05343483211180411
290.75, 0.05234523252672507
291, 0.051418189655930924
291.25, 0.05028039704051612
291.5, 0.04877029596641935
291.75, 0.047255392824360865
292, 0.04607542920029606
292.25, 0.04531094349427489
292.5, 0.044893642268520884
292.75, 0.04434918125989906
293, 0.04328184713741323
293.25, 0.0422747026075978
293.5, 0.04213909194618015
293.75, 0.042854370728788505
294, 0.04403222111142546
294.25, 0.04556180422931333
294.5, 0.04755171334338493
294.75, 0.05083385257090822
295, 0.0567905020084003
295.25, 0.06471498345291993
295.5, 0.07149124925071215
295.75, 0.07541399531199688
296, 0.07717697253502442
296.25, 0.07731492606885093
296.5, 0.0755907196918868
296.75, 0.07199534859619283
297, 0.06746682569921791
297.25, 0.06291941018524505
297.5, 0.058477423488592084
297.75, 0.05413516300259369
298, 0.05028722023540322
298.25, 0.04742453630086918
298.5, 0.045670259935037594
298.75, 0.044924717098422606
299, 0.04456188005875661
299.25, 0.04368867101671481
299.5, 0.042896273085041514
299.75, 0.04405186606820677
300, 0.04756062868194921
300.25, 0.052056441271067344
300.5, 0.0576273379995178
300.75, 0.06684516060265944
301, 0.07973808298104657
301.25, 0.0903038599571031
301.5, 0.09454764103663693
301.75, 0.09689635104573235
302, 0.10156432060214027
302.25, 0.10525162543017985
302.5, 0.10352478080582894
302.75, 0.09691018451955602
303, 0.08776819734559671
303.25, 0.07862213124177952
303.5, 0.07186724601973804
303.75, 0.0672872029434447
304, 0.06304422149681566
304.25, 0.06036715284967631
304.5, 0.06319626837090131
304.75, 0.07124255611974706
305, 0.07893373002300685
305.25, 0.08298984267274145
305.5, 0.08446007185975957
305.75, 0.0846102157438372
306, 0.08427930530178918
306.25, 0.08410711281436323
306.5, 0.08429499091299453
306.75, 0.084853439977425
307, 0.0853323950287812
307.25, 0.08530667919277168
307.5, 0.0852708571418157
307.75, 0.08586115976470621
308, 0.08590002077175773
308.25, 0.08342821458874983
308.5, 0.0785727957252732
308.75, 0.072932417786846
309, 0.06814662474031485
309.25, 0.06580528403184527
309.5, 0.06531627379072069
309.75, 0.06339139745572786
310, 0.061802229945741693
310.25, 0.07123328865372691
310.5, 0.09657939947850147
310.75, 0.12723106357175917
311, 0.15355968291567446
311.25, 0.17618289007492294
311.5, 0.19679892967576829
311.75, 0.21269746127703515
312, 0.22014838972300865
312.25, 0.21683093871172043
312.5, 0.20171270882577375
312.75, 0.18049674886438904
313, 0.16196705495884345
313.25, 0.14771916406367924
313.5, 0.1342650575166261
313.75, 0.12127543743193803
314, 0.11153224016056973
314.25, 0.10498633289487902
314.5, 0.09775153270228598
314.75, 0.08833470605324523
315, 0.07991190541049731
315.25, 0.07452477804509372
315.5, 0.07034209523212498
315.75, 0.06555592063390425
316, 0.06033798892943176
316.25, 0.05529395063224629
316.5, 0.05113139520760601
316.75, 0.04843301800016708
317, 0.04676248661736104
317.25, 0.04532340515076139
317.5, 0.043816467132946624
317.75, 0.04222880405581009
318, 0.04070453193156487
318.25, 0.03949009918309576
318.5, 0.03853876238210052
318.75, 0.037515116699863515
319, 0.03641562348610905
319.25, 0.03569604237206958
319.5, 0.03536837592666253
319.75, 0.03458061949117264
320, 0.03331089218897443
320.25, 0.03382979201702341
320.5, 0.037580247060912564
320.75, 0.04193835807985247
321, 0.04415582163608334
321.25, 0.04512454082117867
321.5, 0.046721341357258694
321.75, 0.05004202582788708
322, 0.05560969974287544
322.25, 0.06151235395073029
322.5, 0.06468855022329945
322.75, 0.06566895110167104
323, 0.06766077306569429
323.25, 0.07139232253915229
323.5, 0.07497258616328506
323.75, 0.07721491850434836
324, 0.07807906960012412
324.25, 0.0775427312328697
324.5, 0.07545929625500936
324.75, 0.07202802304031053
325, 0.06837296026539241
325.25, 0.06548624605808562
325.5, 0.06336437876828538
325.75, 0.061762832400388934
326, 0.06034373633227674
326.25, 0.05880441576748541
326.5, 0.05729904797919927
326.75, 0.0561379123158674
327, 0.05520414601012558
327.25, 0.054179723070594044
327.5, 0.05354606308644927
327.75, 0.05440118606851385
328, 0.057308038003720085
328.25, 0.062220454744539966
328.5, 0.06809163393441597
328.75, 0.07250117327636052
329, 0.07514138627862521
329.25, 0.08000439669132775
329.5, 0.08915095397124218
329.75, 0.09819339565954377
330, 0.10312158156888163
330.25, 0.10524770607545841
330.5, 0.10692468858781035
330.75, 0.10951516683582152
331, 0.11381090064155974
331.25, 0.11875835681069968
331.5, 0.12263532666994648
331.75, 0.12539289386151398
332, 0.1279780611227308
332.25, 0.13094973419292533
332.5, 0.13451345901391643
332.75, 0.1382211324619913
333, 0.1409292385691998
333.25, 0.14211450482278043
333.5, 0.14222036250308556
333.75, 0.14132758481686625
334, 0.13863553270772744
334.25, 0.1340294689287037
334.5, 0.1295707521068059
334.75, 0.12701800765285864
335, 0.12554681826534608
335.25, 0.12397054561262744
335.5, 0.12248439821909363
335.75, 0.12164987546128325
336, 0.12129070271835485
336.25, 0.12092046637059728
336.5, 0.12039558164912745
336.75, 0.11979299187196946
337, 0.1192646546592766
337.25, 0.11901574132821857
337.5, 0.11903909381453603
337.75, 0.1190875536337106
338, 0.11906196282138926
338.25, 0.11910889542871483
338.5, 0.11942520947234514
338.75, 0.12026885709490898
339, 0.12171571580204832
339.25, 0.1233019084989635
339.5, 0.12466776088250386
339.75, 0.12624620406506482
340, 0.1287567664196858
340.25, 0.1334201379062273
340.5, 0.14119268893461745
340.75, 0.1495501323025371
341, 0.15464265447431513
341.25, 0.15653029612999658
341.5, 0.15767197576789693
341.75, 0.15801735918467696
342, 0.15535503734859035
342.25, 0.14934209882811922
342.5, 0.14190290363799518
342.75, 0.13488718565859648
343, 0.12982128072824128
343.25, 0.1275633931684922
343.5, 0.1276041528137345
343.75, 0.12923867135587574
344, 0.13170460291661312
344.25, 0.13431414876531111
344.5, 0.13672943857954312
344.75, 0.13877830732302843
345, 0.14072647421359308
345.25, 0.14285690375321625
345.5, 0.14429865356720395
345.75, 0.143772003492878
346, 0.1419461569470224
346.25, 0.14067609260479608
346.5, 0.13955964241553354
346.75, 0.1362230835567615
347, 0.13078949592562072
347.25, 0.12645151842546032
347.5, 0.12475407306218611
347.75, 0.12427168043678083
348, 0.12380345702544104
348.25, 0.12324478051161736
348.5, 0.12281482517096831
348.75, 0.12327299811675652
349, 0.12511546430244846
349.25, 0.12727998501191118
349.5, 0.1289969307824177
349.75, 0.13373761176450616
350, 0.14571112489568006
350.25, 0.1619599656901589
350.5, 0.1762003739458059
350.75, 0.18623869496010415
351, 0.1928811835648343
351.25, 0.20021166157394943
351.5, 0.2150827085668845
351.75, 0.23687075624984266
352, 0.2555910197929394
352.25, 0.26576235472794574
352.50000000000006, 0.2704261109858146
352.75000000000006, 0.27215052789543415
353.00000000000006, 0.27056986729360477
353.25, 0.26547435076982595
353.5, 0.25843050325099937
353.75, 0.25093653721887743
354, 0.2426475127434895
354.25, 0.23295492303738752
354.5, 0.2227711691506976
354.75, 0.21350576322871317
355, 0.20579880595018696
355.25, 0.1999424386509847
355.5, 0.19698607378526378
355.75, 0.19843825360945755
356, 0.20408106400966441
356.25, 0.21206717533934671
356.49999999999994, 0.2216337667051157
356.74999999999994, 0.23346986804485392
356.99999999999994, 0.24648907410891763
357.24999999999994, 0.2563769963743814
357.5, 0.26056497623029873
357.74999999999994, 0.2613579492103084
358, 0.2608795377394044
358.24999999999994, 0.258369004939477
358.49999999999994, 0.25311858471135595
358.75, 0.24734934729825842
358.99999999999994, 0.24332935155811564
359.25, 0.2382378557198792
359.49999999999994, 0.22856822403397703
359.74999999999994, 0.22318572487722554
359.99999999999994, 0.23619153433478512
360.24999999999994, 0.26111306762060726
360.5, 0.2770750908993195
360.75, 0.2793489573732377
361, 0.2793393082666886
361.25, 0.2847186748834176
361.5, 0.29730497877947437
361.75, 0.3171295891548347
362, 0.34175615022555217
362.25, 0.3702425530955016
362.5, 0.40591147046579956
362.75, 0.4484892205564801
363, 0.48338890479835406
363.25, 0.4979170820161447
363.5, 0.5026544712160198
363.75, 0.5120469775885753
364, 0.5203647686995464
364.25, 0.5149296827245631
364.5, 0.49586409411021815
364.75, 0.4702447008464945
365, 0.44184090167875767
365.25, 0.41190893501023895
365.5, 0.3827936431322596
365.75, 0.35795268746426645
366, 0.3384355941085784
366.25, 0.32194997913077106
366.5, 0.30710089952634134
366.75, 0.2945895103548277
367, 0.28532778342692433
367.25, 0.2801902891392559
367.5, 0.279057778181931
367.75, 0.2783523909219576
368, 0.27471688164934416
368.25, 0.26958667692024996
368.49999999999994, 0.2653608716512794
368.74999999999994, 0.26094399764086107
369, 0.2541513661859818
369.24999999999994, 0.2467435623233527
369.5, 0.24251872656526507
369.74999999999994, 0.24152441647372713
369.99999999999994, 0.24097500707327757
370.24999999999994, 0.24087323894239265
370.49999999999994, 0.24415993142522574
370.75, 0.2510040675127695
371, 0.2574944326454439
371.25, 0.26110235838097584
371.5, 0.26251235450911703
371.75, 0.26252276791364504
372, 0.2612908086296517
372.25, 0.25899855677048333
372.5, 0.25629204839445774
372.75, 0.25360163483069864
373, 0.24972722170618988
373.25, 0.24334590391114852
373.5, 0.23597204744998113
373.75, 0.23024919540909372
374, 0.22762850567093174
374.25, 0.22874559656732607
374.5, 0.23261671479083323
374.74999999999994, 0.23704668803122886
375, 0.2420216406455632
375.25, 0.24987415635259924
375.5, 0.26067408570095574
375.75, 0.2710470035120295
375.99999999999994, 0.2785035405902555
376.25, 0.28282438660870046
376.5, 0.2840727881612787
376.75, 0.2823610964592762
377, 0.2778139496446842
377.25, 0.27057136817991234
377.5, 0.26100767160953875
377.75, 0.2507121655112158
378, 0.24161438929982426
378.25, 0.23520788933798398
378.5, 0.2325877965069254
378.75, 0.23265341558371122
379, 0.2331275504928093
379.25, 0.2346626568794774
379.5, 0.24024220016227416
379.75, 0.24966522012740688
380, 0.2591328110927976
380.25, 0.2661716926115366
380.5, 0.2705769620987978
380.74999999999994, 0.2725803010057699
381, 0.2729216573443919
381.25, 0.27193965654943597
381.5, 0.26868225759268716
381.75, 0.26272907343179264
381.99999999999994, 0.2565947546837184
382.25, 0.25291745512028474
382.5, 0.2511162631231524
382.75, 0.24982364461863094
383, 0.2500494963494456
383.25, 0.2536321888310913
383.5, 0.25917664449647426
383.75, 0.26353640649656607
384, 0.26896505172847707
384.25, 0.2820632288352508
384.5, 0.3006055615619363
384.75, 0.3122022227444561
385, 0.3118015248568523
385.25, 0.3065329333367065
385.5, 0.3016932448357833
385.75, 0.29655475561387357
386, 0.29022114466452587
386.25, 0.28349580322089796
386.5, 0.27681568534117196
386.74999999999994, 0.26791502387597954
387, 0.2559662117193091
387.25, 0.25212641516965595
387.5, 0.26870754118669093
387.75, 0.2933728984694993
387.99999999999994, 0.30368758721702394
388.25, 0.2987564401179942
388.5, 0.29159877676263213
388.75, 0.29059221801708246
389, 0.29962813320926507
389.25, 0.3169109703100086
389.5, 0.33410078513612174
389.75, 0.34300083174367
390, 0.33630618495026077
390.25, 0.31804038899063214
390.5, 0.31657497371137155
390.75, 0.3473401510249231
391, 0.377635460914179
391.25, 0.3771442647922084
391.5, 0.3627902736277876
391.75, 0.35812108511812746
392, 0.3533033742659041
392.25, 0.3314382202474765
392.5, 0.3180894158051003
392.74999999999994, 0.354925593161291
393, 0.4204173045447114
393.25, 0.45283933818027233
393.5, 0.4417742319283774
393.75, 0.4236069831440322
393.99999999999994, 0.4162795030234947
394.25, 0.41317907968880896
394.5, 0.4095587399731079
394.75, 0.40618968793693244
395, 0.40427640573038415
395.24999999999994, 0.4048436605645134
395.5, 0.4072625596162852
395.75, 0.40587043396445377
396, 0.39620076223517975
396.25, 0.3831418382449763
396.5, 0.3726490923119177
396.75, 0.3618076089058532
397, 0.3453156892254662
397.25, 0.32612806478323
397.5, 0.3110723805063199
397.75, 0.30198916565079814
398, 0.29732331303208204
398.25, 0.29770905685614757
398.5, 0.3058057706885209
398.75, 0.3209204354304991
399, 0.33807095698788725
399.25, 0.35437851722024405
399.5, 0.37099522658476336
399.75, 0.38897899727818963
399.99999999999994, 0.4082666187475825
400.25, 0.42868485433590076
400.5, 0.45021361753392286
400.75, 0.4725893080178156
401, 0.4943218281722779
401.24999999999994, 0.5143096936290574
401.5, 0.5360648246735477
401.75, 0.5641308458873451
402, 0.5961471686570006
402.25, 0.626094992264237
402.5, 0.6481904969520247
402.75, 0.6570294830158538
403, 0.6512364896152232
403.25, 0.6333253181731047
403.5, 0.6059143141551608
403.75, 0.5715734378625245
404, 0.5347722119459908
404.25, 0.5033035094821271
404.5, 0.4824238297165373
404.75, 0.47052638487650544
405, 0.4658687491115161
405.25, 0.4695811102631071
405.5, 0.48126300676086875
405.75, 0.4906662358710535
405.99999999999994, 0.4868050864484831
406.25, 0.4725220113154782
406.5, 0.45573887148611414
406.75, 0.4398678248825154
407, 0.4256722962266527
407.24999999999994, 0.4116001441940953
407.5, 0.39461292624507993
407.75, 0.3765267037475051
408, 0.36396032584198235
408.25, 0.36058365474891585
408.5, 0.36584324115004585
408.75, 0.37925766686522355
409, 0.4010058402107042
409.25, 0.4302265058302488
409.5, 0.4633172418012369
409.75, 0.49721328478294036
410, 0.5321180930842204
410.25, 0.567810510225382
410.5, 0.5986700508963625
410.75, 0.6185978346677081
411, 0.6292344356024528
411.25, 0.6349103793856672
411.5, 0.6347936916583896
411.75, 0.6255531271898502
411.99999999999994, 0.6103001070129672
412.25, 0.5967460552627574
412.5, 0.5840307722362535
412.75, 0.562618865374318
413, 0.5343205626806568
413.24999999999994, 0.5170347035872204
413.5, 0.5163392747765777
413.75, 0.5126437796344822
414, 0.4942977314180659
414.25, 0.4769633283042235
414.5, 0.47476426570735086
414.75, 0.4811095345385271
415, 0.48611786420598135
415.25, 0.4863943243435901
415.5, 0.48034472532069716
415.75, 0.4648779196050067
416, 0.43722338603303657
416.25, 0.40446776797075434
416.5, 0.3787879933321858
416.75, 0.36178238127651763
417, 0.34683495808585374
417.25, 0.3321723497927712
417.5, 0.32137873681864015
417.75, 0.3175269929457768
417.99999999999994, 0.32257116332098745
418.25, 0.33568060419795065
418.5, 0.3508268000305822
418.75, 0.36382235149198505
419, 0.3769051864468217
419.24999999999994, 0.3922147878106118
419.5, 0.4076746808513416
419.75, 0.42054645849698435
420, 0.4296719772297285
420.25, 0.4344732575499848
420.49999999999994, 0.43490194377522073
420.75, 0.43101318669274413
421, 0.42146143457829477
421.25, 0.40440447298804194
421.5, 0.38370904774264736
421.75, 0.3677620670499425
422, 0.36131707436251015
422.25, 0.3649950782249205
422.5, 0.37841008712365265
422.75, 0.3999816793848877
423, 0.4250454008313348
423.25, 0.44299543269796604
423.5, 0.44732757079251195
423.75, 0.4446640651717806
423.99999999999994, 0.44123137076483576
424.25, 0.4332937741313222
424.5, 0.4165139978793587
424.75, 0.39600365177985364
425, 0.3791254411689414
425.24999999999994, 0.3664785571796604
425.5, 0.35574645582264075
425.75, 0.3466875661685733
426, 0.3403199996692333
426.25, 0.3369143169312613
426.49999999999994, 0.3360856341213928
426.75, 0.3371124103662134
427, 0.3389198732199852
427.25, 0.34060745737008846
427.5, 0.34157942704394195
427.75, 0.3430832653114394
428, 0.35010027508948327
428.25, 0.3654787653616103
428.5, 0.3847409944594792
428.75, 0.40335351856912605
429, 0.4216302793911729
429.25, 0.44047179195676456
429.5, 0.4574122591606158
429.75, 0.46929282209784795
430, 0.4766236005451908
430.25, 0.4812405207341529
430.5, 0.4801949307423581
430.75, 0.4678725229776688
431, 0.44617371491629154
431.24999999999994, 0.423487010260312
431.5, 0.40647535622901965
431.75, 0.39950156355484345
432, 0.40405784252668897
432.25, 0.41735385384564705
432.49999999999994, 0.437123874341097
432.75, 0.46300678292855424
433, 0.49455337276639155
433.25, 0.5303455278339911
433.5, 0.5682540783636951
433.75, 0.6039653397068749
434, 0.6328594271015799
434.25, 0.6517591992793452
434.5, 0.6581031302194661
434.75, 0.6501652587730913
435, 0.6272432869162344
435.25, 0.5960737344797977
435.5, 0.5678265817878144
435.75, 0.5442185040881818
436, 0.5186178781731242
436.25, 0.489681246721957
436.5, 0.462716048281015
436.75, 0.440752158552682
437, 0.42251337993039373
437.24999999999994, 0.40671573269856387
437.5, 0.39291551189978347
437.75, 0.3815256194935813
438, 0.37521402320842534
438.25, 0.37571650334681017
438.49999999999994, 0.3790282216236611
438.75, 0.38025410813822424
439, 0.3782319674203747
439.25, 0.3733019423611551
439.5, 0.36689085891732887
439.75, 0.36085223525323473
440, 0.3555058448924343
440.25, 0.3501459331939104
440.5, 0.3446055949102367
440.75, 0.3392278286198943
441, 0.33419916271186556
441.25, 0.3294917295534696
441.5, 0.32524857495280757
441.75, 0.32191738571934225
442, 0.3195061350107462
442.25, 0.3169610337871356
442.5, 0.3138220709092363
442.75, 0.3119470976520259
443, 0.31258322099061275
443.24999999999994, 0.312318710023615
443.5, 0.3083322312313356
443.75, 0.3093143414742211
444, 0.3261073555567313
444.25, 0.34977835800661794
444.49999999999994, 0.36239723099912
444.75, 0.36356115827901225
445, 0.3648556515791086
445.25, 0.3684548915491883
445.5, 0.3674770649750415
445.74999999999994, 0.3593410842068707
446, 0.34740570698743356
446.25, 0.3355521418833084
446.5, 0.3278873866634069
446.75, 0.3258185950262469
447, 0.3243765918881234
447.25, 0.3211729931586842
447.5, 0.3251427199020773
447.75, 0.3435986054766118
448, 0.36609540519332573
448.25, 0.3798139273429225
448.5, 0.3889627134008993
448.75, 0.40336927947672674
449, 0.4228378125254153
449.24999999999994, 0.4422029397277497
449.5, 0.46237647848765784
449.75, 0.4884560748343386
450, 0.5193981005840591
450.25, 0.5481794044551548
450.49999999999994, 0.5726740680719875
450.75, 0.5975020917524978
451, 0.6259402250622454
451.25, 0.6580632924207879
451.5, 0.6916289725947675
451.74999999999994, 0.7195795849003097
452, 0.7375948165439805
452.25, 0.7529410854078311
452.5, 0.7723627804983202
452.75, 0.7887332109278236
453, 0.7924468553347158
453.25, 0.7844768790529589
453.5, 0.7697788508994053
453.75, 0.7501842054083881
454, 0.7259518688997098
454.25, 0.6998311107583672
454.5, 0.676226277954578
454.75, 0.6541834682967027
455, 0.6274220625751127
455.24999999999994, 0.5947982583293854
455.5, 0.5624196145327349
455.75, 0.5337841584135737
456, 0.5066706192749715
456.25, 0.47954659728715554
456.49999999999994, 0.4541331164448439
456.75, 0.4320992607217299
457, 0.4131931586348986
457.25, 0.3969989866247895
457.5, 0.384333724877837
457.74999999999994, 0.37602343360798685
458, 0.3703756658535273
458.25, 0.36478808157395815
458.5, 0.35815922371460285
458.75, 0.35027128500244964
459, 0.3412043492668372
459.25, 0.33124916057119436
459.5, 0.3203984022055296
459.75, 0.3083232193439225
460, 0.2944300994787934
460.25, 0.277792285238736
460.5, 0.25919737455159386
460.75, 0.2427167549773407
461, 0.2308302409381816
461.25, 0.22095317584137975
461.5, 0.2108697868737197
461.75, 0.20260202460311583
462, 0.19852241271799653
462.25, 0.19796322771604857
462.49999999999994, 0.19936401931144876
462.75, 0.20162184418660078
463, 0.20388445254304355
463.25, 0.20583474920713984
463.5, 0.2074796661699463
463.74999999999994, 0.2089427932648834
464, 0.21045405002325546
464.25, 0.21267489103718062
464.5, 0.21670142443987117
464.75, 0.22238777340605342
465, 0.2277899547437685
465.25, 0.23377544345679846
465.5, 0.24696568079260406
465.75, 0.2703793326154036
466, 0.2956097785380517
466.25, 0.31488625756364785
466.5, 0.3298586984415114
466.75, 0.34403969363138176
467, 0.35920634339580615
467.25, 0.3758823517156785
467.5, 0.38948473459132993
467.75, 0.39379375667847494
468, 0.38973187795930053
468.25, 0.3823533482250786
468.49999999999994, 0.3726718462652727
468.75, 0.3584542866286543
469, 0.34115469779645413
469.25, 0.3263636709702561
469.5, 0.3170798230668217
469.74999999999994, 0.3121350871355103
470, 0.31116490820073406
470.25, 0.31610436804117625
470.5, 0.32736921993507495
470.75, 0.3404028859263416
471, 0.35176148910154914
471.25, 0.3655918015622466
471.5, 0.38635746184152975
471.75, 0.41031503786899726
472, 0.43194167853819965
472.25, 0.45332220343051033
472.5, 0.47956025054120655
472.75, 0.5099257664883672
473, 0.540179931389336
473.25, 0.5693141560142263
473.5, 0.5990477013673119
473.75, 0.6291935291807942
474, 0.657288499914382
474.25, 0.6806739182957409
474.49999999999994, 0.6965839166800492
474.75, 0.7026754550184846
475, 0.6975066455223198
475.25, 0.6814416035659201
475.5, 0.6596964439089991
475.74999999999994, 0.6367079506060521
476, 0.61034459803475
476.25, 0.5775981124672076
476.5, 0.5397550452651069
476.75, 0.500126049235603
476.99999999999994, 0.4662337096219795
477.25, 0.44643747868468364
477.5, 0.4351450314934656
477.75, 0.4183868552545542
478, 0.3953139347038288
478.25, 0.37642780146319166
478.5, 0.36362337051664617
478.75, 0.348305410471729
479, 0.3270455141595142
479.25, 0.3055344358148864
479.5, 0.28779217648792743
479.75, 0.27251059256925425
480, 0.25882043110080366
480.25, 0.24920142686433067
480.49999999999994, 0.24574630332054914
480.75, 0.2463870726402535
481, 0.24865701230726223
481.25, 0.25403788304776265
481.5, 0.2649191851995236
481.74999999999994, 0.2793882652255989
482, 0.2936739093594186
482.25, 0.3073877302447493
482.5, 0.32238145471633894
482.75, 0.3396870799830528
482.99999999999994, 0.35953064048471595
483.25, 0.3812160369098875
483.5, 0.40296879661447893
483.75, 0.42332673476679517
484, 0.4414483051261546
484.25, 0.4574780456748224
484.5, 0.4736246633223483
484.75, 0.4918773755784528
485, 0.5126993394400831
485.25, 0.5339253045884136
485.5, 0.5433661938656291
485.75, 0.5301201778764723
486, 0.5072753368323355
486.25, 0.4944640042535441
486.49999999999994, 0.49047206509238095
486.75, 0.48372813180999097
487, 0.466802445571431
487.25, 0.43577803649601643
487.5, 0.3985847329247233
487.74999999999994, 0.37376214929384255
488, 0.3668931637802526
488.25, 0.36689626189970215
488.5, 0.36583523426911124
488.75, 0.3628487869028414
488.99999999999994, 0.3577369521060345
489.25, 0.3502568138161716
489.5, 0.33985226304269534
489.75, 0.3249917008011851
490, 0.30564088970627656
490.25, 0.28927702109471554
490.5, 0.28315493519757795
490.75, 0.28008399196553935
491, 0.26902799897463126
491.25, 0.25451910382546683
491.5, 0.24845343935074393
491.75, 0.2510176006857303
492, 0.25425268511862753
492.25, 0.25613481825738693
492.49999999999994, 0.2604276020917011
492.75, 0.2676821866879673
493, 0.2740337478528768
493.25, 0.27793015421182454
493.5, 0.2823465418410125
493.74999999999994, 0.2891634708438692
494, 0.2965873406769316
494.25, 0.3026477386366956
494.5, 0.30654537887837185
494.75, 0.3077828023512954
494.99999999999994, 0.30614579166908507
495.25, 0.30155627291551257
495.5, 0.2942913688353358
495.75, 0.28498923867238113
496, 0.2763399705459363
496.25, 0.2718676155227764
496.5, 0.27108241365428776
496.75, 0.27071216189792424
497, 0.27166146161182003
497.25, 0.2789290338953567
497.5, 0.29311015851558964
497.75, 0.3087389870760472
498, 0.3228594572850325
498.25, 0.3377700581349331
498.5, 0.3537834759471634
498.75, 0.3649957209815129
499, 0.36641416762501355
499.25, 0.3593334355939385
499.5, 0.3467969722761981
499.74999999999994, 0.33381466294133555
500, 0.3247413559447655
500.25, 0.31557669524983534
500.5, 0.2999777681482775
500.75, 0.2823686743102548
500.99999999999994, 0.2727155653576081
501.25, 0.27319197143013063
501.5, 0.28001227401533735
501.75, 0.28979855697117873
502, 0.2997830320999938
502.24999999999994, 0.30901119439166946
502.5, 0.31896596803285315
502.75, 0.32992230265152434
503, 0.33958748878478984
503.25, 0.34533392290009035
503.5, 0.3443911009379267
503.75, 0.3359047744535947
504, 0.3258528536708857
504.25, 0.3206741307066745
504.5, 0.32165325476489015
504.75, 0.3284932778470929
505, 0.34094568850065754
505.25, 0.358722746251673
505.5, 0.3809272969364589
505.74999999999994, 0.4062552259912737
506, 0.4325927273158112
506.25, 0.45729816389617006
506.5, 0.48034759033371366
506.75, 0.5044670071138935
506.99999999999994, 0.531367125229888
507.25, 0.5611218026872059
507.5, 0.5920533508676831
507.75, 0.6193746839468135
508, 0.641616818972041
508.24999999999994, 0.6669364462797481
508.5, 0.7004771619062132
508.75, 0.7306953017709296
509, 0.7454539606557595
509.25, 0.7490583108822693
509.5, 0.7496008644392643
509.75, 0.7445931797334209
510, 0.7275287729012637
510.25, 0.6987429508180016
510.5, 0.6622322131436515
510.75, 0.614611643471047
511, 0.5471552928060067
511.25, 0.4691450230775328
511.5, 0.40914444228379376
511.74999999999994, 0.3733825827872248
512, 0.3342018510866247
512.25, 0.2792608320410048
512.5, 0.23178871233531906
512.75, 0.20975148895356654
513, 0.20550901891515116
513.25, 0.20934395311575316
513.5, 0.2199433942735528
513.75, 0.23709693234417195
514, 0.2559116735811793
514.25, 0.27087421887047847
514.5, 0.2834447475815902
514.75, 0.29781461115156327
515, 0.3132635408029959
515.25, 0.3261691557986357
515.5, 0.33544369985978073
515.75, 0.34203266335271276
516, 0.34353230574423865
516.25, 0.33381584664683783
516.5, 0.31208388094342443
516.75, 0.2858341271408791
517, 0.2597523119406021
517.25, 0.23138629950214495
517.5, 0.20101882835585683
517.75, 0.1790527341606789
518, 0.1741446720354458
518.25, 0.181216416391888
518.5, 0.1922108518551473
518.75, 0.20116925583148182
519, 0.2049724320284677
519.25, 0.2171085757474941
519.5, 0.2559833655891336
519.75, 0.30670928828346533
520, 0.3349867748145835
520.25, 0.3401755729659769
520.5, 0.35013615376275686
520.75, 0.3706179059158219
521, 0.3809697794210999
521.25, 0.37233001710189206
521.5, 0.35640791541807226
521.75, 0.34180147676229866
522, 0.32680555353243845
522.25, 0.30977581506663265
522.5, 0.29303613766746284
522.75, 0.2786073008837635
523, 0.2643768830545338
523.25, 0.2479372091326394
523.5, 0.2311658976694666
523.75, 0.21704178880482095
524, 0.2051792815212713
524.25, 0.19377646211129373
524.5, 0.18367044700408475
524.75, 0.1773838232329893
525, 0.17628873844438275
525.25, 0.18068140242206832
525.5, 0.18993015492121335
525.75, 0.2023300510287025
526, 0.21530018556655794
526.25, 0.2249549354600946
526.5, 0.22718480406006025
526.75, 0.2176508625691006
527, 0.19602181395488305
527.25, 0.17410085561303534
527.5, 0.16274616614860926
527.75, 0.1593138721925058
528, 0.1581313905950591
528.25, 0.15656979454956488
528.5, 0.15367888067047097
528.75, 0.15328656972817167
529, 0.16091660015722853
529.25, 0.17329964447393598
529.5, 0.18162180026868724
529.75, 0.1858870585974346
530, 0.19406878950542716
530.25, 0.2074780360797862
530.5, 0.21893143888488764
530.75, 0.22433073505524947
531, 0.22554267942395434
531.25, 0.22489484522191772
531.5, 0.22449172052985877
531.75, 0.22340624507952112
532, 0.21137723665377506
532.25, 0.1896446601504418
532.5, 0.21735038565403608
532.75, 0.3472180137842735
533, 0.49627536189244026
533.25, 0.544916287095272
533.5, 0.5026648963505915
533.75, 0.4449546816447757
534, 0.43290310991608005
534.25, 0.5133624980406065
534.5, 0.6538613381782423
534.75, 0.7491752313637496
535, 0.7595296299669041
535.25, 0.7314403170042796
535.5, 0.7000313793320365
535.75, 0.6715011208176913
536, 0.6465396001272181
536.25, 0.6195953348195475
536.5, 0.5869251154629813
536.75, 0.5534584637800052
537, 0.5243973061484128
537.25, 0.4983221891019596
537.5, 0.4723626931271403
537.75, 0.4462722200903486
538, 0.4208545482754107
538.25, 0.39713168702965196
538.5, 0.3761144748841019
538.75, 0.35708075529963745
539, 0.3381698299343907
539.25, 0.32006392787454085
539.5, 0.3058951686142155
539.75, 0.2969200645904583
540, 0.29183405065603285
540.25, 0.291012521299165
540.5, 0.2980873680089343
540.75, 0.314543040590336
541, 0.335902007343737
541.25, 0.35795631377879733
541.5, 0.3803223917693437
541.75, 0.4040148166568661
542, 0.4328596823521039
542.25, 0.4700332226469819
542.5, 0.5090307345472748
542.75, 0.5405687450132898
543, 0.566175262036689
543.25, 0.5929465427909071
543.5, 0.6220653009492677
543.75, 0.6503410826768266
544, 0.6765961422833311
544.25, 0.7017417783678935
544.5, 0.7252414156782196
544.75, 0.7444901073912399
545, 0.7572348526426651
545.25, 0.7621293268414935
545.5, 0.7583893686745453
545.75, 0.7463900260889136
546, 0.7275551511397731
546.25, 0.7063169689277622
546.5, 0.6868648333734872
546.75, 0.66907804133793
547, 0.6516370246629927
547.25, 0.6339199506849067
547.5, 0.615546786590273
547.75, 0.5956419066341022
548, 0.5734311877673186
548.25, 0.5539054932419214
548.5, 0.5460722531760673
548.75, 0.548606862693539
549, 0.5496457483731112
549.25, 0.5486225481940334
549.5, 0.5612196571020464
549.75, 0.5910301215021213
550, 0.6167090349003733
550.25, 0.6224738365840754
550.5, 0.6139087664830466
550.75, 0.5990824611100947
551, 0.58284239314085
551.25, 0.567657008406754
551.5, 0.5476798907596742
551.75, 0.5159499670585546
552, 0.476030663703656
552.25, 0.4357467655365299
552.5, 0.39995801447930446
552.75, 0.3714888845627189
553, 0.3487890395936448
553.25, 0.3270562146185817
553.5, 0.30671971619905924
553.75, 0.2938013213545144
554, 0.2904383109299432
554.25, 0.2928186618663131
554.5, 0.29759838152557183
554.75, 0.30323082106489874
555, 0.3087495894046238
555.25, 0.3141834437526291
555.5, 0.31931019675480476
555.75, 0.32237369295449814
556, 0.3216420818985579
556.25, 0.3173513102392721
556.5, 0.3105256538580512
556.75, 0.303307768293536
557, 0.2981933288822629
557.25, 0.2961058847352397
557.5, 0.29706301515440103
557.75, 0.30191848406567745
558, 0.31213703439785123
558.25, 0.32686708093514205
558.5, 0.3426848522378536
558.75, 0.35581138199631646
559, 0.3621533065069855
559.25, 0.35974432416522173
559.5, 0.3509270376718262
559.75, 0.3372114934970132
560, 0.3164059771415092
560.25, 0.2876576244549519
560.5, 0.2576630869538461
560.75, 0.2336498560613416
561, 0.215972319567443
561.25, 0.20301932746216433
561.5, 0.1957431308144547
561.75, 0.19586349966212147
562, 0.20043853752399865
562.25, 0.20373564334165706
562.5, 0.20237924491316117
562.75, 0.19512020034423394
563, 0.18359631148561895
563.25, 0.1726217418229743
563.5, 0.16590025263290054
563.75, 0.16517145952581036
564, 0.1705521838881473
564.25, 0.17914459442168928
564.5, 0.18844677131796084
564.75, 0.1981453748892209
565, 0.2084276428486166
565.25, 0.2199333946418277
565.5, 0.23272762876340047
565.75, 0.24304461617334872
566, 0.24667756537910768
566.25, 0.24645683994430345
566.5, 0.24832820546090895
566.75, 0.25543154204062557
567, 0.26889143700702245
567.25, 0.286444345274969
567.5, 0.3030979561424566
567.75, 0.3198270137693847
568, 0.3445889973511662
568.25, 0.37934621821907055
568.5, 0.4160247378717469
568.75, 0.44914429442294124
569, 0.4806470450639373
569.25, 0.5127373317621778
569.5, 0.5455802153037146
569.75, 0.5790438864993297
570, 0.6133110251009927
570.25, 0.6479062909984822
570.5, 0.6780845412874366
570.75, 0.6979567035211995
571, 0.7048218532421527
571.25, 0.6976257942302213
571.5, 0.6762387211216022
571.75, 0.6413157200306581
572, 0.5968589396616796
572.25, 0.5497513741949411
572.5, 0.5031757401449843
572.75, 0.4557663596026542
573, 0.40842410741683466
573.25, 0.36615727549490074
573.5, 0.33193862689164655
573.75, 0.30341906254122886
574, 0.2798818302832584
574.25, 0.267749470775703
574.5, 0.27242085151263273
574.75, 0.28916596228258185
575, 0.3109305156599427
575.25, 0.3328876483222041
575.5, 0.3516354567809764
575.75, 0.3689141072720221
576, 0.38860534210904174
576.25, 0.40856810922867925
576.5, 0.4228106802083572
576.75, 0.4315841027866617
577, 0.44083545898188936
577.25, 0.4510471098339496
577.5, 0.45570136918201487
577.75, 0.45249415686786376
578, 0.4469051452513729
578.25, 0.4432454416758812
578.5, 0.44146774780254916
578.75, 0.4410004360395834
579, 0.44152505077028115
579.25, 0.44266913121476203
579.5, 0.4436024010338814
579.75, 0.4438945108443231
580, 0.4463839742735428
580.25, 0.4535105735221885
580.5, 0.4529733277372999
580.75, 0.4265077767312925
581, 0.37953225278216884
581.25, 0.3340291038631579
581.5, 0.30552242719146894
581.75, 0.30242084693153215
582, 0.3100822309087392
582.25, 0.2851115261051874
582.5, 0.21837667839690078
582.75, 0.16315389142411618
583, 0.15338739522715805
583.25, 0.16283142868119604
583.5, 0.16534264089290074
583.75, 0.16340199168551406
584, 0.16386683556449944
584.25, 0.16694888652555162
584.5, 0.1710786115046482
584.75, 0.17543315426411654
585, 0.1796065589358462
585.25, 0.1843144682159129
585.5, 0.19092136709051388
585.75, 0.2013641238434848
586, 0.21789143673931177
586.25, 0.24044795293666332
586.5, 0.2669400179345004
586.75, 0.3048364512699191
587, 0.3740967080649519
587.25, 0.4711966545989208
587.5, 0.5492421378273757
587.75, 0.5807333938407229
588, 0.5963668886041427
588.25, 0.623121839008383
588.5, 0.6460286604083441
588.75, 0.6454035171389318
589, 0.6211510958310761
589.25, 0.5792908488193602
589.5, 0.5280122138616956
589.75, 0.47678782716491086
590, 0.4388980343682881
590.25, 0.4285805338842129
590.5, 0.44298974635273636
590.75, 0.4669837396327534
591, 0.5002435029812549
591.25, 0.5573975849834644
591.5, 0.6355025227957485
591.75, 0.7068891934521747
592, 0.7572208698627927
592.25, 0.7999744697115697
592.5, 0.8438007960426821
592.75, 0.8776487685849295
593, 0.8912823533803649
593.25, 0.8880044179560087
593.5, 0.8755327065616252
593.75, 0.8687210557087433
594, 0.8810273334930473
594.25, 0.9010757254559009
594.5, 0.9091074768078944
594.75, 0.9068810126861847
595, 0.9076187399683273
595.25, 0.9094427093378025
595.5, 0.8990267358714987
595.75, 0.8739067090031308
596, 0.8432636349941945
596.25, 0.8144676839782101
596.5, 0.79154138362331
596.75, 0.7750524707972679
597, 0.7594809294345084
597.25, 0.7418923538001947
597.5, 0.7278650631754608
597.75, 0.7219402048222763
598, 0.7199408897666064
598.25, 0.7167009702480576
598.5, 0.7120583489054644
598.75, 0.70691445461515
599, 0.698413826440202
599.25, 0.6826440945866322
599.5, 0.6618595852801543
599.75, 0.6417546744360387
600, 0.6241659684343879
600.25, 0.6077615768278168
600.5, 0.5904295392630369
600.75, 0.5693790850800428
601, 0.5451471720958689
601.25, 0.5231280337771862
601.5, 0.5065629339393827
601.75, 0.4937173492659178
602, 0.4832187746974759
602.25, 0.476231108843965
602.5, 0.4734548797367293
602.75, 0.4722646128588621
603, 0.4697599227003588
603.25, 0.4657001945240129
603.5, 0.46068117585573276
603.75, 0.4550311531133845
604, 0.4489399051310392
604.25, 0.4424087738702811
604.5, 0.435366990426148
604.75, 0.4284733843823477
605, 0.42288521485629693
605.25, 0.4167424529353363
605.5, 0.40491107010273575
605.75, 0.38768478861607814
606, 0.373702944849424
606.25, 0.36733546128710404
606.5, 0.36290639922660417
606.75, 0.35511024352672904
607, 0.34306248843237697
607.25, 0.32781315689176604
607.5, 0.31496142823567774
607.75, 0.3098558994534185
608, 0.31044807562584487
608.25, 0.3125213660535673
608.5, 0.31451438769347884
608.75, 0.31621467768879985
609, 0.31862439517404195
609.25, 0.3233400563181643
609.5, 0.3289209036401103
609.75, 0.33140991774855544
610, 0.3295013671921053
610.25, 0.32502342816200025
610.5, 0.31978332391111264
610.75, 0.315282366168667
611, 0.31179123276008236
611.25, 0.3070576558960366
611.5, 0.2995712770718585
611.75, 0.29087626617511775
612, 0.28264673726791334
612.25, 0.27487658708982365
612.5, 0.26753110177543626
612.75, 0.26280466622246423
613, 0.26333573239415964
613.25, 0.26903168387909215
613.5, 0.27845257662166123
613.75, 0.28982599443132173
614, 0.3012397326576127
614.25, 0.312122468216377
614.5, 0.3230522400390544
614.75, 0.33349644050928506
615, 0.34157506864227183
615.25, 0.34623914477712503
615.5, 0.3478909004178442
615.75, 0.3476454258953373
616, 0.3478802616207358
616.25, 0.35028907607914295
616.5, 0.3540326218032087
616.75, 0.3580125488643864
617, 0.3620114550832946
617.25, 0.3659566273052176
617.5, 0.3692776471143372
617.75, 0.3712520613339637
618, 0.3713983946541233
618.25, 0.36944126175144354
618.5, 0.3661693616843241
618.75, 0.36305943221109027
619, 0.36099485482318794
619.25, 0.3603277659378217
619.5, 0.3620861391230932
619.75, 0.3680945593395266
620, 0.3765605046856735
620.25, 0.37970883318639703
620.5, 0.3785114571927851
620.75, 0.3947423531584956
621, 0.4393336046822386
621.25, 0.48101827075626313
621.5, 0.4913909971099921
621.75, 0.48947938233838395
622, 0.5012221908040517
622.25, 0.5167456402447733
622.5, 0.5152089990434585
622.75, 0.4974553102979954
623, 0.4749788939082863
623.25, 0.452393596704884
623.5, 0.429424493523451
623.75, 0.4052267156071919
624, 0.37870936268973365
624.25, 0.355823987778354
624.5, 0.35121880764872815
624.75, 0.36614824634147414
625, 0.3782584715674461
625.25, 0.37655778792307726
625.5, 0.3816010003490292
625.75, 0.40804224401084666
626, 0.4374720075223435
626.25, 0.4503089243398034
626.5, 0.45122335882389975
626.75, 0.45040382196908224
627, 0.45009046762842986
627.25, 0.4495870941568879
627.5, 0.4495755180729386
627.75, 0.4511640947473675
628, 0.45125965889038855
628.25, 0.4439968632997763
628.5, 0.42900222459175774
628.75, 0.41119368006696677
629, 0.39258606569361554
629.25, 0.37117721499464074
629.5, 0.34744242684322435
629.75, 0.3266567865491259
630, 0.3123941542171087
630.25, 0.30300731802106506
630.5, 0.2980898281731581
630.75, 0.3038666364085304
631, 0.3249936187262754
631.25, 0.3525068823962111
631.5, 0.3753145857133169
631.75, 0.39418887982975126
632, 0.41414222479866447
632.25, 0.4352248828130745
632.5, 0.4541853751642313
632.75, 0.45969491836122445
633, 0.4357124009275458
633.25, 0.39491479066587
633.5, 0.3777768786813003
633.75, 0.3861991200924104
634, 0.36923171582812386
634.25, 0.3098477674651814
634.5, 0.2589389568877798
634.75, 0.25091527411188375
635, 0.26186078116305267
635.25, 0.26575469569703025
635.5, 0.2596671384902566
635.75, 0.2466894419511344
636, 0.23509475008047398
636.25, 0.23225183003339445
636.5, 0.22885812119339555
636.75, 0.21107820165253044
637, 0.18855233288192774
637.25, 0.18304854981898666
637.5, 0.19864576157653235
637.75, 0.2257362614905417
638, 0.25371830132500595
638.25, 0.2714670093572267
638.5, 0.2741468996151136
638.75, 0.26563812788085306
639, 0.25031749506386425
639.25, 0.23229954211175385
639.5, 0.2151013686876172
639.75, 0.20078767302194478
640, 0.19161887385264753
640.25, 0.19136041935495485
640.5, 0.20265308074440258
640.75, 0.22088453059346025
641, 0.23923389671242767
641.25, 0.2511756067157518
641.5, 0.25121214309451234
641.75, 0.24305750251305758
642, 0.23522999454655003
642.25, 0.2271569951591903
642.5, 0.21137905207353846
642.75, 0.18905182786277874
643, 0.1705790262928336
643.25, 0.16270005240416152
643.4999999999999, 0.16628114725545085
643.75, 0.17928454867909183
644, 0.19494469575656848
644.25, 0.2078094338760461
644.5, 0.21731447198853826
644.75, 0.22372532324274963
645, 0.22742694424366194
645.25, 0.22819425876857857
645.5, 0.2225171906012705
645.75, 0.20707257827488879
645.9999999999999, 0.18761425818836597
646.25, 0.17309400900809113
646.5, 0.16362932659666463
646.75, 0.1543078702581896
647, 0.14535619291442015
647.25, 0.14109621743725387
647.5, 0.14193383951536254
647.75, 0.14389801429752735
648, 0.1445835489725985
648.2499999999999, 0.14421321126767184
648.5, 0.14344665763238806
648.75, 0.14339415079343065
649, 0.1442074534794101
649.25, 0.14327486442037163
649.5, 0.13906939947007424
649.75, 0.13597098243274996
650, 0.13864634247865482
650.25, 0.145791155195085
650.5, 0.1544992313697301
650.7499999999999, 0.1647707221005783
651, 0.17769217569599838
651.25, 0.19161241567670695
651.5, 0.20331433353939632
651.75, 0.21204749969987602
652, 0.21902477588988867
652.25, 0.2218008810494403
652.5, 0.21386384721806273
652.75, 0.19554616191399887
653, 0.1778434534667046
653.25, 0.16692937045078837
653.5, 0.1572471501902507
653.75, 0.14538159855390853
654, 0.13804087639071683
654.25, 0.14013909387048118
654.5, 0.1425220596204666
654.75, 0.13746899044678984
655, 0.1443734393264834
655.25, 0.18604830162321728
655.4999999999999, 0.23874117406208994
655.75, 0.2605141310497435
656, 0.2542757144464305
656.25, 0.2505955985670869
656.5, 0.25750359581724913
656.75, 0.26327482474431263
657, 0.26078537441797733
657.25, 0.2490590772819028
657.5, 0.23004043004508534
657.75, 0.20968938091327793
657.9999999999999, 0.1922745538099505
658.25, 0.17773311388787916
658.5, 0.16524308502926643
658.75, 0.15337966731514407
659, 0.14115117863926752
659.25, 0.12978146893968956
659.5, 0.12078097007948574
659.75, 0.11406108466106757
660, 0.10900331073960057
660.2499999999999, 0.10531000170710747
660.5, 0.10284150186757035
660.75, 0.10146649704276856
661, 0.1010611839565777
661.25, 0.10155263991596608
661.5, 0.10289878551382947
661.75, 0.10458695892977621
662, 0.10556575585387762
662.25, 0.10652159597238642
662.5, 0.11098125699364758
662.7499999999999, 0.11990930530461896
663, 0.12808810930265535
663.25, 0.1323048591891527
663.5, 0.13789162881520378
663.75, 0.14938650188175517
664, 0.16116426275614026
664.25, 0.16635225192130043
664.5, 0.16663304173063287
664.75, 0.16622579696014816
665, 0.16413084186560611
665.2499999999999, 0.15709853541516694
665.5, 0.1467938860016833
665.75, 0.13813327573378076
666, 0.13354387869360362
666.25, 0.13328573639542063
666.5, 0.14393499341380867
666.75, 0.17971329405567582
667, 0.2363592785625911
667.25, 0.2781495116374304
667.4999999999999, 0.2878216642343344
667.75, 0.2966808903457978
668, 0.32762435797931144
668.25, 0.35628718754047795
668.5, 0.35687386896815143
668.75, 0.33772619803140247
669, 0.31475869378778687
669.25, 0.2929657326529328
669.5, 0.27304625647324066
669.75, 0.25448400648297465
669.9999999999999, 0.23626439645746122
670.25, 0.21910665535729346
670.5, 0.20491727539861349
670.75, 0.19475953017991032
671, 0.1888186408100505
671.25, 0.1852612870341338
671.5, 0.1797715456994301
671.75, 0.17152355523700624
672, 0.1659519253283236
672.2499999999999, 0.16585998705094585
672.5, 0.16644538923682384
672.75, 0.16377994245701166
673, 0.1602915723776298
673.25, 0.15877339183506634
673.5, 0.1578436547558001
673.75, 0.15547608581005234
674, 0.15309063921064625
674.25, 0.15301124256146148
674.5, 0.1533905044143542
674.7499999999999, 0.15050581276829056
675, 0.1457878746147262
675.25, 0.1442140179959226
675.5, 0.14588579435965243
675.75, 0.14612802184993356
676, 0.14311671708335172
676.25, 0.13902444378688317
676.5, 0.13518051643822382
676.75, 0.13093976100528937
677, 0.12610555090258857
677.2499999999999, 0.12205715782971116
677.5, 0.11990943388280739
677.75, 0.11910573908495503
678, 0.1188676040970158
678.25, 0.11901985853402985
678.5, 0.11958629077894933
678.75, 0.12073594156907164
679, 0.12266738563544877
679.25, 0.1252956629580878
679.4999999999999, 0.12839011229783837
679.75, 0.13189433653793226
680, 0.13588110168004286
680.25, 0.14035445582617334
680.5, 0.14525487780098
680.75, 0.15090383013244923
681, 0.1581284506376993
681.25, 0.1663689115161815
681.5, 0.17246348663728417
681.75, 0.17406772543586846
681.9999999999999, 0.1715776234798011
682.25, 0.1659439424226471
682.5, 0.15858002639561508
682.75, 0.15077121588155318
683, 0.14269083721330367
683.25, 0.13442107417453053
683.5, 0.12774307985970346
683.75, 0.12485814347684354
684, 0.1250256349103811
684.25, 0.12587429053880017
684.5, 0.12593300076645242
684.75, 0.12447156875165544
685, 0.1214608299794645
685.25, 0.11757999325419799
685.5, 0.1134837219207604
685.75, 0.10974760292184071
686, 0.10709251394885477
686.25, 0.10652382072661026
686.5, 0.10851279016629733
686.7499999999999, 0.11206677983363122
687, 0.11657501611459797
687.25, 0.12364122953416112
687.5, 0.13438211976037773
687.75, 0.14494631136341685
688, 0.15063497787560975
688.25, 0.1518612645293237
688.5, 0.15097166424562636
688.75, 0.1472948946631344
689, 0.13862572777608428
689.2499999999999, 0.126867996079157
689.5, 0.11710069582241844
689.75, 0.11114962489325242
690, 0.1072722900877161
690.25, 0.10447323249172202
690.5, 0.10308622210600726
690.75, 0.10346939211002693
691, 0.10582622926831542
691.25, 0.10998296344060665
691.4999999999999, 0.11480394490848156
691.75, 0.11933895104964032
692, 0.12392184266073314
692.25, 0.12890743714444597
692.5, 0.13319715881408678
692.75, 0.13538679275400944
693, 0.13531545289216573
693.25, 0.1333942886883318
693.5, 0.13017598364219796
693.75, 0.12624829334563203
693.9999999999999, 0.12137094103903134
694.25, 0.11467610082570934
694.5, 0.106826946948675
694.75, 0.10017791590093506
695, 0.09589958001868126
695.25, 0.0932739945978931
695.5, 0.09176604345328931
695.75, 0.0915176451752372
696, 0.09247322567055005
696.25, 0.09380547089694613
696.4999999999999, 0.09481188254081274
696.75, 0.09578268614188246
697, 0.09714035343534033
697.25, 0.09872671366937358
697.5, 0.10028872709013048
697.75, 0.1023498668090006
698, 0.10568874566440778
698.25, 0.10989210571905128
698.5, 0.1138617395006456
698.7499999999999, 0.11768978861044
699, 0.12245153156997624
699.25, 0.1281185147840802
699.5, 0.133378760138133
699.75, 0.13752101215411705
700, 0.14085920842163768
700.25, 0.14320520803873982
700.5, 0.14314568774226055
700.75, 0.13989301398677578
701, 0.13488930645857233
701.2499999999999, 0.1295963193560773
701.5, 0.12396900653927456
701.75, 0.11785194005404842
702, 0.11258329414556789
702.25, 0.10974935102590755
702.5, 0.10875407998208875
702.75, 0.10810125485470767
703, 0.10802689940606347
703.25, 0.1098087183643468
703.4999999999999, 0.1130714250980438
703.75, 0.1160026773900823
704, 0.1176315046705465
704.25, 0.1180371306209097
704.5, 0.11755577512344995
704.75, 0.11683407146197367
705, 0.11630432211170838
705.25, 0.11587892742537731
705.5, 0.1154249566641693
705.75, 0.11487482148745343
705.9999999999999, 0.11424264477523749
706.25, 0.1138309662930379
706.5, 0.11388699390158696
706.75, 0.11390162321773367
707, 0.11330548110364058
707.25, 0.11329698020748236
707.5, 0.11578603442217994
707.75, 0.12065733557858027
708, 0.12644975757254617
708.25, 0.13205600656033956
708.4999999999999, 0.13672621730978796
708.75, 0.14021861790341805
709, 0.14288392985593357
709.25, 0.14453462796772798
709.5, 0.1440485779422136
709.75, 0.1407903501126314
710, 0.13539747542989455
710.25, 0.12895569224926162
710.5, 0.1233998908053684
710.7499999999999, 0.12042733252816884
711, 0.12002064003197177
711.25, 0.1215894403781459
711.5, 0.1238585850882794
711.75, 0.12544588746247165
712, 0.1262528230749287
712.25, 0.12675289101282994
712.5, 0.1263261699880034
712.75, 0.12366578536303263
713, 0.11897067851585108
713.2499999999999, 0.11383792286972971
713.5, 0.10924534764309968
713.75, 0.10533219768171509
714, 0.102393047138293
714.25, 0.10107092913442128
714.5, 0.1014520101143338
714.75, 0.10226748743694347
715, 0.1032965786553065
715.25, 0.1082463909103093
715.5, 0.11976036716710559
715.75, 0.1323038679307681
716, 0.1392292386898888
716.25, 0.14112658215519058
716.5, 0.14135706963259131
716.75, 0.14308441729149912
717, 0.14903934611807235
717.25, 0.1575818340588373
717.5, 0.16412728270736832
717.75, 0.1678934809366367
717.9999999999999, 0.17176313864984605
718.25, 0.17677806631777704
718.5, 0.18142542192031597
718.75, 0.1849456414939824
719, 0.18817795650413205
719.25, 0.19062532151252753
719.5, 0.1882404840305102
719.75, 0.1785589019531586
720, 0.16600916089915974
720.25, 0.1553924287096421
720.4999999999999, 0.1467194073714586
720.75, 0.13898800089206786
721, 0.13355854910521758
721.25, 0.13246843555463228
721.5, 0.1352698376885938
721.75, 0.14021239660564377
722, 0.1463132034171598
722.25, 0.15314624034038948
722.5, 0.15986081769253302
722.7499999999999, 0.1651677097297869
723, 0.16756686655552466
723.25, 0.16532733976955116
723.5, 0.15897814772875662
723.75, 0.15312894511969088
724, 0.15054547077809532
724.25, 0.14842743794699365
724.5, 0.14439349173450178
724.75, 0.14033753988314301
725, 0.138551710176546
725.2499999999999, 0.13889651851479345
725.5, 0.14065274243659076
725.75, 0.14406996420153162
726, 0.14956846614912034
726.25, 0.15533877193202472
726.5, 0.15856078282389507
726.75, 0.16002873114362626
727, 0.16315861850904945
727.25, 0.16812146126519356
727.5, 0.17175171074292905
727.7499999999999, 0.17279833480600537
728, 0.17286337263533413
728.25, 0.17577442832373202
728.5, 0.18909058914391952
728.75, 0.21587896115979133
729, 0.24678802171838432
729.25, 0.2744351781713307
729.5, 0.30520478368301374
729.75, 0.3442960393537572
729.9999999999999, 0.37609392766350624
730.25, 0.3823079797213219
730.5, 0.3707612257264483
730.75, 0.35869893144417464
731, 0.34599195613916756
731.25, 0.32315374094902216
731.5, 0.2925014146629712
731.75, 0.2653777966088642
732, 0.244936718944891
732.25, 0.22557269370292765
732.4999999999999, 0.20717703354009642
732.75, 0.19796200113337248
733, 0.20126783473035448
733.25, 0.20990353234879644
733.5, 0.21551299266268542
733.75, 0.20979984684376307
734, 0.1888819683265004
734.25, 0.16494704117742098
734.5, 0.15095991114363227
734.7499999999999, 0.14511732881636163
735, 0.14151720232587783
735.25, 0.13868974087346797
735.5, 0.13719592439401151
735.75, 0.13840591586376683
736, 0.14400433498236964
736.25, 0.15299769705614752
736.5, 0.16228127130139347
736.75, 0.1703184795036895
737, 0.17733424424578614
737.2499999999999, 0.1832320596451994
737.5, 0.18731731857843315
737.75, 0.1888587838781095
738, 0.18714740704591926
738.25, 0.1821815459306293
738.5, 0.17587137561365518
738.75, 0.16990679323736024
739, 0.16393251690067046
739.25, 0.1573537079227294
739.5, 0.15086595967680083
739.7499999999999, 0.14541656511058743
740, 0.14064052881349853
740.25, 0.13569986544188506
740.5, 0.1311297345831821
740.75, 0.1282354816310053
741, 0.12693697181216002
741.25, 0.12602456088180658
741.5, 0.12530480341726769
741.75, 0.12575270642379688
741.9999999999999, 0.1279281220821219
742.25, 0.1316715207546889
742.5, 0.136573240399121
742.75, 0.14183437336003368
743, 0.1467075525186613
743.25, 0.15072318156101183
743.5, 0.15331950710924913
743.75, 0.15338489997307392
744, 0.1502990378202853
744.25, 0.14687985998146347
744.4999999999999, 0.14638056685686107
744.75, 0.14627258684808875
745, 0.1419085117586537
745.25, 0.13555123273817327
745.5, 0.13351272635737133
745.75, 0.13542911497518229
746, 0.13529242580138723
746.25, 0.13176619744591145
746.5, 0.12907036307815567
746.75, 0.1286192485019737
746.9999999999999, 0.12700402941292555
747.25, 0.12286341352284136
747.5, 0.12002874659391849
747.75, 0.12126607480789464
748, 0.12433921962077576
748.25, 0.1265039477295955
748.5, 0.12661498432356
748.75, 0.124332326053894
749, 0.12159499139099306
749.2499999999999, 0.12071957035244718
749.5, 0.12054535802364352
749.75, 0.11848351441467742
750, 0.11508743409288713
